contentId,pageType,templateId,objectId,Nr,name,link
101,1,1,1,1,How to Build a Windpark?,
101,1,1,3,1,Capital Dredging,main.html?contentId=301
101,1,1,3,2,Discharging Dredging,main.html?contentId=302
101,1,1,3,3,Discharging Rainbowing,main.html?contentId=303
101,1,1,3,4,Discharging Pumping,main.html?contentId=304
101,1,1,3,5,Floating Lines,main.html?contentId=305
101,1,1,4,1,E&E Services,main.html?contentId=401
101,1,1,4,2,Survey Services,main.html?contentId=402
101,1,1,4,3,Procurement Services,main.html?contentId=403
101,1,1,4,4,Legal Services,main.html?contentId=404
101,1,1,4,5,HR Services,main.html?contentId=405
101,1,1,4,6,SMD Services,main.html?contentId=406
101,1,1,11,1,expert1,https://expert1.com
101,1,1,11,2,expert2,https://expert2.com
101,1,1,11,3,expert3,https://expert3.com
101,1,1,11,4,expert4,https://expert4.com
101,1,1,11,5,expert5,https://expert5.com
101,1,1,6,1,mainpdf,PlaceHolders/Placeholderpdf.pdf
101,1,1,7,1,lessonlearned1,https://lessonlearned1.com
101,1,1,7,2,lessonlearned2,https://lessonlearned2.com
101,1,1,7,3,lessonlearned3,https://lessonlearned3.com
101,1,1,7,4,lessonlearned4,https://lessonlearned4.com
101,1,1,7,5,lessonlearned5,https://lessonlearned5.com
101,1,1,8,1,project1,https://project1.com
101,1,1,8,2,project2,https://project2.com
101,1,1,8,3,project3,https://project3.com
101,1,1,8,4,project4,https://project4.com
101,1,1,8,5,project5,https://project5.com
101,1,1,9,1,quickguide1,https://quickguide1.com
101,1,1,9,2,quickguide2,https://quickguide2.com
101,1,1,9,3,quickguide3,https://quickguide3.com
101,1,1,9,4,quickguide4,https://quickguide4.com
101,1,1,9,5,quickguide5,https://quickguide5.com
101,1,1,10,1,finalreport1,https://finalreport1.com
101,1,1,10,2,finalreport2,https://finalreport2.com
101,1,1,10,3,finalreport3,https://finalreport3.com
101,1,1,10,4,finalreport4,https://finalreport4.com
101,1,1,10,5,finalreport5,https://finalreport5.com
102,1,1,1,1,How to make a Reclamation?,
102,1,1,3,1,Capital Dredging,main.html?contentId=301
102,1,1,3,2,Discharging Dredging,main.html?contentId=302
102,1,1,3,3,Discharging Rainbowing,main.html?contentId=303
102,1,1,3,4,Discharging Pumping,main.html?contentId=304
102,1,1,3,5,Floating Lines,main.html?contentId=305
102,1,1,4,1,E&E Services,main.html?contentId=401
102,1,1,4,2,Survey Services,main.html?contentId=402
102,1,1,4,3,Procurement Services,main.html?contentId=403
102,1,1,4,4,Legal Services,main.html?contentId=404
102,1,1,4,5,HR Services,main.html?contentId=405
102,1,1,4,6,SMD Services,main.html?contentId=406
102,1,1,11,1,expert1,https://expert1.com
102,1,1,11,2,expert2,https://expert2.com
102,1,1,11,3,expert3,https://expert3.com
102,1,1,11,4,expert4,https://expert4.com
102,1,1,11,5,expert5,https://expert5.com
102,1,1,6,1,mainpdf,main.html?contentId=102
102,1,1,7,1,lessonlearned1,https://lessonlearned1.com
102,1,1,7,2,lessonlearned2,https://lessonlearned2.com
102,1,1,7,3,lessonlearned3,https://lessonlearned3.com
102,1,1,7,4,lessonlearned4,https://lessonlearned4.com
102,1,1,7,5,lessonlearned5,https://lessonlearned5.com
102,1,1,8,1,project1,https://project1.com
102,1,1,8,2,project2,https://project2.com
102,1,1,8,3,project3,https://project3.com
102,1,1,8,4,project4,https://project4.com
102,1,1,8,5,project5,https://project5.com
102,1,1,9,1,quickguide1,https://quickguide1.com
102,1,1,9,2,quickguide2,https://quickguide2.com
102,1,1,9,3,quickguide3,https://quickguide3.com
102,1,1,9,4,quickguide4,https://quickguide4.com
102,1,1,9,5,quickguide5,https://quickguide5.com
102,1,1,10,1,finalreport1,https://finalreport1.com
102,1,1,10,2,finalreport2,https://finalreport2.com
102,1,1,10,3,finalreport3,https://finalreport3.com
102,1,1,10,4,finalreport4,https://finalreport4.com
102,1,1,10,5,finalreport5,https://finalreport5.com
103,1,1,1,1,How to do Capital Dredging?,
103,1,1,3,1,Capital Dredging,main.html?contentId=301
103,1,1,3,2,Discharging Dredging,main.html?contentId=302
103,1,1,3,3,Discharging Rainbowing,main.html?contentId=303
103,1,1,3,4,Discharging Pumping,main.html?contentId=304
103,1,1,3,5,Floating Lines,main.html?contentId=305
103,1,1,4,1,E&E Services,main.html?contentId=401
103,1,1,4,2,Survey Services,main.html?contentId=402
103,1,1,4,3,Procurement Services,main.html?contentId=403
103,1,1,4,4,Legal Services,main.html?contentId=404
103,1,1,4,5,HR Services,main.html?contentId=405
103,1,1,4,6,SMD Services,main.html?contentId=406
103,1,1,11,1,expert1,https://expert1.com
103,1,1,11,2,expert2,https://expert2.com
103,1,1,11,3,expert3,https://expert3.com
103,1,1,11,4,expert4,https://expert4.com
103,1,1,11,5,expert5,https://expert5.com
103,1,1,6,1,mainpdf,https://pdf.com
103,1,1,7,1,lessonlearned1,https://lessonlearned1.com
103,1,1,7,2,lessonlearned2,https://lessonlearned2.com
103,1,1,7,3,lessonlearned3,https://lessonlearned3.com
103,1,1,7,4,lessonlearned4,https://lessonlearned4.com
103,1,1,7,5,lessonlearned5,https://lessonlearned5.com
103,1,1,8,1,project1,https://project1.com
103,1,1,8,2,project2,https://project2.com
103,1,1,8,3,project3,https://project3.com
103,1,1,8,4,project4,https://project4.com
103,1,1,8,5,project5,https://project5.com
103,1,1,9,1,quickguide1,https://quickguide1.com
103,1,1,9,2,quickguide2,https://quickguide2.com
103,1,1,9,3,quickguide3,https://quickguide3.com
103,1,1,9,4,quickguide4,https://quickguide4.com
103,1,1,9,5,quickguide5,https://quickguide5.com
103,1,1,10,1,finalreport1,https://finalreport1.com
103,1,1,10,2,finalreport2,https://finalreport2.com
103,1,1,10,3,finalreport3,https://finalreport3.com
103,1,1,10,4,finalreport4,https://finalreport4.com
103,1,1,10,5,finalreport5,https://finalreport5.com
104,1,1,1,1,How to do maintanance Dredging?,
104,1,1,3,1,Capital Dredging,main.html?contentId=301
104,1,1,3,2,Discharging Dredging,main.html?contentId=302
104,1,1,3,3,Discharging Rainbowing,main.html?contentId=303
104,1,1,3,4,Discharging Pumping,main.html?contentId=304
104,1,1,3,5,Floating Lines,main.html?contentId=305
104,1,1,4,1,E&E Services,main.html?contentId=401
104,1,1,4,2,Survey Services,main.html?contentId=402
104,1,1,4,3,Procurement Services,
104,1,1,4,4,Legal Services,main.html?contentId=404
104,1,1,4,5,HR Services,main.html?contentId=405
104,1,1,4,6,SMD Services,main.html?contentId=406
104,1,1,11,1,expert1,https://expert1.com
104,1,1,11,2,expert2,https://expert2.com
104,1,1,11,3,expert3,https://expert3.com
104,1,1,11,4,expert4,https://expert4.com
104,1,1,11,5,expert5,https://expert5.com
104,1,1,6,1,mainpdf,https://pdf.com
104,1,1,7,1,lessonlearned1,https://lessonlearned1.com
104,1,1,7,2,lessonlearned2,https://lessonlearned2.com
104,1,1,7,3,lessonlearned3,https://lessonlearned3.com
104,1,1,7,4,lessonlearned4,https://lessonlearned4.com
104,1,1,7,5,lessonlearned5,https://lessonlearned5.com
104,1,1,8,1,project1,https://project1.com
104,1,1,8,2,project2,https://project2.com
104,1,1,8,3,project3,https://project3.com
104,1,1,8,4,project4,https://project4.com
104,1,1,8,5,project5,https://project5.com
104,1,1,9,1,quickguide1,https://quickguide1.com
104,1,1,9,2,quickguide2,https://quickguide2.com
104,1,1,9,3,quickguide3,https://quickguide3.com
104,1,1,9,4,quickguide4,https://quickguide4.com
104,1,1,9,5,quickguide5,https://quickguide5.com
104,1,1,10,1,finalreport1,https://finalreport1.com
104,1,1,10,2,finalreport2,https://finalreport2.com
104,1,1,10,3,finalreport3,https://finalreport3.com
104,1,1,10,4,finalreport4,https://finalreport4.com
104,1,1,10,5,finalreport5,https://finalreport5.com
105,1,2,1,1,How to install an offshore Pipeline?,
105,1,1,3,1,Capital Dredging,main.html?contentId=301
105,1,1,3,2,Discharging Dredging,main.html?contentId=302
105,1,1,3,3,Discharging Rainbowing,main.html?contentId=303
105,1,1,3,4,Discharging Pumping,main.html?contentId=304
105,1,1,3,5,Floating Lines,main.html?contentId=305
105,1,1,4,1,E&E Services,main.html?contentId=401
105,1,1,4,2,Survey Services,main.html?contentId=402
105,1,1,4,3,Procurement Services,main.html?contentId=403
105,1,1,4,4,Legal Services,main.html?contentId=404
105,1,1,4,5,HR Services,main.html?contentId=405
105,1,1,4,6,SMD Services,main.html?contentId=406
105,1,2,11,1,expert1,https://expert1.com
105,1,2,11,2,expert2,https://expert2.com
105,1,2,11,3,expert3,https://expert3.com
105,1,2,11,4,expert4,https://expert4.com
105,1,2,11,5,expert5,https://expert5.com
105,1,1,6,1,mainpdf,PlaceHolders/Placeholderpdf.pdf
105,1,2,7,1,lessonlearned1,https://lessonlearned1.com
105,1,2,7,2,lessonlearned2,https://lessonlearned2.com
105,1,2,7,3,lessonlearned3,https://lessonlearned3.com
105,1,2,7,4,lessonlearned4,https://lessonlearned4.com
105,1,2,7,5,lessonlearned5,https://lessonlearned5.com
105,1,2,8,1,project1,https://project1.com
105,1,2,8,2,project2,https://project2.com
105,1,2,8,3,project3,https://project3.com
105,1,2,8,4,project4,https://project4.com
105,1,2,8,5,project5,https://project5.com
105,1,2,9,1,quickguide1,https://quickguide1.com
105,1,2,9,2,quickguide2,https://quickguide2.com
105,1,2,9,3,quickguide3,https://quickguide3.com
105,1,2,9,4,quickguide4,https://quickguide4.com
105,1,2,9,5,quickguide5,https://quickguide5.com
105,1,2,10,1,finalreport1,https://finalreport1.com
105,1,2,10,2,finalreport2,https://finalreport2.com
105,1,2,10,3,finalreport3,https://finalreport3.com
105,1,2,10,4,finalreport4,https://finalreport4.com
105,1,2,10,5,finalreport5,https://finalreport5.com
106,1,1,1,1,PlaceHolder,
106,1,1,3,1,Capital Dredging,main.html?contentId=301
106,1,1,4,1,E&E Services,main.html?contentId=401
106,1,1,11,1,expert1,https://expert1.com
106,1,1,6,1,mainpdf,PlaceHolders/Placeholderpdf.pdf
106,1,1,7,1,lessonlearned1,https://lessonlearned1.com
106,1,1,8,1,project1,https://project1.com
106,1,1,9,1,quickguide1,https://quickguide1.com
106,1,1,10,1,finalreport1,https://finalreport1.com
107,1,1,1,1,PlaceHolder,
107,1,1,3,1,Capital Dredging,main.html?contentId=301
107,1,1,4,1,E&E Services,main.html?contentId=401
107,1,1,11,1,expert1,https://expert1.com
107,1,1,6,1,mainpdf,PlaceHolders/Placeholderpdf.pdf
107,1,1,7,1,lessonlearned1,https://lessonlearned1.com
107,1,1,8,1,project1,https://project1.com
107,1,1,9,1,quickguide1,https://quickguide1.com
107,1,1,10,1,finalreport1,https://finalreport1.com
108,1,1,1,1,PlaceHolder,
108,1,1,3,1,Capital Dredging,main.html?contentId=301
108,1,1,4,1,E&E Services,main.html?contentId=401
108,1,1,11,1,expert1,https://expert1.com
108,1,1,6,1,mainpdf,PlaceHolders/Placeholderpdf.pdf
108,1,1,7,1,lessonlearned1,https://lessonlearned1.com
108,1,1,8,1,project1,https://project1.com
108,1,1,9,1,quickguide1,https://quickguide1.com
108,1,1,10,1,finalreport1,https://finalreport1.com
109,1,1,1,1,PlaceHolder,
109,1,1,3,1,Capital Dredging,main.html?contentId=301
109,1,1,4,1,E&E Services,main.html?contentId=401
109,1,1,11,1,expert1,https://expert1.com
109,1,1,6,1,mainpdf,PlaceHolders/Placeholderpdf.pdf
109,1,1,7,1,lessonlearned1,https://lessonlearned1.com
109,1,1,8,1,project1,https://project1.com
109,1,1,9,1,quickguide1,https://quickguide1.com
109,1,1,10,1,finalreport1,https://finalreport1.com
110,1,1,1,1,PlaceHolder,
110,1,1,3,1,Capital Dredging,main.html?contentId=301
110,1,1,4,1,E&E Services,main.html?contentId=401
110,1,1,11,1,expert1,https://expert1.com
110,1,1,6,1,mainpdf,PlaceHolders/Placeholderpdf.pdf
110,1,1,7,1,lessonlearned1,https://lessonlearned1.com
110,1,1,8,1,project1,https://project1.com
110,1,1,9,1,quickguide1,https://quickguide1.com
110,1,1,10,1,finalreport1,https://finalreport1.com
111,1,1,1,1,PlaceHolder,
111,1,1,3,1,Capital Dredging,main.html?contentId=301
111,1,1,4,1,E&E Services,main.html?contentId=401
111,1,1,11,1,expert1,https://expert1.com
111,1,1,6,1,mainpdf,PlaceHolders/Placeholderpdf.pdf
111,1,1,7,1,lessonlearned1,https://lessonlearned1.com
111,1,1,8,1,project1,https://project1.com
111,1,1,9,1,quickguide1,https://quickguide1.com
111,1,1,10,1,finalreport1,https://finalreport1.com
112,1,1,1,1,PlaceHolder,
112,1,1,3,1,Capital Dredging,main.html?contentId=301
112,1,1,4,1,E&E Services,main.html?contentId=401
112,1,1,11,1,expert1,https://expert1.com
112,1,1,6,1,mainpdf,PlaceHolders/Placeholderpdf.pdf
112,1,1,7,1,lessonlearned1,https://lessonlearned1.com
112,1,1,8,1,project1,https://project1.com
112,1,1,9,1,quickguide1,https://quickguide1.com
112,1,1,10,1,finalreport1,https://finalreport1.com
113,1,1,1,1,PlaceHolder,
113,1,1,3,1,Capital Dredging,main.html?contentId=301
113,1,1,4,1,E&E Services,main.html?contentId=401
113,1,1,11,1,expert1,https://expert1.com
113,1,1,6,1,mainpdf,PlaceHolders/Placeholderpdf.pdf
113,1,1,7,1,lessonlearned1,https://lessonlearned1.com
113,1,1,8,1,project1,https://project1.com
113,1,1,9,1,quickguide1,https://quickguide1.com
113,1,1,10,1,finalreport1,https://finalreport1.com
114,1,1,1,1,PlaceHolder,
114,1,1,3,1,Capital Dredging,main.html?contentId=301
114,1,1,4,1,E&E Services,main.html?contentId=401
114,1,1,11,1,expert1,https://expert1.com
114,1,1,6,1,mainpdf,PlaceHolders/Placeholderpdf.pdf
114,1,1,7,1,lessonlearned1,https://lessonlearned1.com
114,1,1,8,1,project1,https://project1.com
114,1,1,9,1,quickguide1,https://quickguide1.com
114,1,1,10,1,finalreport1,https://finalreport1.com
115,1,1,1,1,PlaceHolder,
115,1,1,3,1,Capital Dredging,main.html?contentId=301
115,1,1,4,1,E&E Services,main.html?contentId=401
115,1,1,11,1,expert1,https://expert1.com
115,1,1,6,1,mainpdf,PlaceHolders/Placeholderpdf.pdf
115,1,1,7,1,lessonlearned1,https://lessonlearned1.com
115,1,1,8,1,project1,https://project1.com
115,1,1,9,1,quickguide1,https://quickguide1.com
115,1,1,10,1,finalreport1,https://finalreport1.com
116,1,1,1,1,PlaceHolder,
116,1,1,3,1,Capital Dredging,main.html?contentId=301
116,1,1,4,1,E&E Services,main.html?contentId=401
116,1,1,11,1,expert1,https://expert1.com
116,1,1,6,1,mainpdf,PlaceHolders/Placeholderpdf.pdf
116,1,1,7,1,lessonlearned1,https://lessonlearned1.com
116,1,1,8,1,project1,https://project1.com
116,1,1,9,1,quickguide1,https://quickguide1.com
116,1,1,10,1,finalreport1,https://finalreport1.com
117,1,1,1,1,PlaceHolder,
117,1,1,3,1,Capital Dredging,main.html?contentId=301
117,1,1,4,1,E&E Services,main.html?contentId=401
117,1,1,11,1,expert1,https://expert1.com
117,1,1,6,1,mainpdf,PlaceHolders/Placeholderpdf.pdf
117,1,1,7,1,lessonlearned1,https://lessonlearned1.com
117,1,1,8,1,project1,https://project1.com
117,1,1,9,1,quickguide1,https://quickguide1.com
117,1,1,10,1,finalreport1,https://finalreport1.com
200,2,2,1,1,Nexus,
200,2,2,6,1,mainpdf,PlaceHolders/Leaflet_Nexus.pdf
201,2,2,1,1,Boreas,
201,2,2,6,1,mainpdf,PlaceHolders/Leaflet_Nexus.pdf
202,2,2,1,1,Stornes,
202,2,2,6,1,mainpdf,PlaceHolders/Leaflet_Nexus.pdf
203,2,2,1,1,Stingray,
203,2,2,6,1,mainpdf,PlaceHolders/Leaflet_Nexus.pdf
204,2,2,1,1,Nordnes,
204,2,2,6,1,mainpdf,PlaceHolders/Leaflet_Nexus.pdf
205,2,2,1,1,Aeolus,
205,2,2,6,1,mainpdf,PlaceHolders/Leaflet_Nexus.pdf
206,2,2,1,1,Calypso,
206,2,2,6,1,mainpdf,PlaceHolders/Leaflet_Nexus.pdf
207,2,2,1,1,MPI Adventure,
207,2,2,6,1,mainpdf,PlaceHolders/Leaflet_Nexus.pdf
208,2,2,1,1,Bravenes,
208,2,2,6,1,mainpdf,PlaceHolders/Leaflet_Nexus.pdf
209,2,2,1,1,HAM 602,
209,2,2,6,1,mainpdf,PlaceHolders/Leaflet_Nexus.pdf
210,2,2,1,1,Dig-It,
210,2,2,6,1,mainpdf,PlaceHolders/Leaflet_Nexus.pdf
211,2,2,1,1,Deep Dig-It,
211,2,2,6,1,mainpdf,PlaceHolders/Leaflet_Nexus.pdf
212,2,2,1,1,Jet-It,
212,2,2,6,1,mainpdf,PlaceHolders/Leaflet_Nexus.pdf
213,2,2,1,1,MPI Resolution,
213,2,2,6,1,mainpdf,PlaceHolders/Leaflet_Nexus.pdf
214,2,2,1,1,Svanen,
214,2,2,6,1,mainpdf,PlaceHolders/Leaflet_Nexus.pdf
215,2,2,1,1,HAM 318,
215,2,2,6,1,mainpdf,PlaceHolders/Leaflet_Nexus.pdf
216,2,2,1,1,Vox Maxima,
216,2,2,6,1,mainpdf,PlaceHolders/Leaflet_Nexus.pdf
217,2,2,1,1,Rotterdam,
217,2,2,6,1,mainpdf,PlaceHolders/Leaflet_Nexus.pdf
218,2,2,1,1,Volvox Terranova,
218,2,2,6,1,mainpdf,PlaceHolders/Leaflet_Nexus.pdf
219,2,2,1,1,Vox Amalia,
219,2,2,6,1,mainpdf,PlaceHolders/Leaflet_Nexus.pdf
220,2,2,1,1,Utrecht,
220,2,2,6,1,mainpdf,PlaceHolders/Leaflet_Nexus.pdf
221,2,2,1,1,Volvox Asia,
221,2,2,6,1,mainpdf,PlaceHolders/Leaflet_Nexus.pdf
222,2,2,1,1,HAM 316,
222,2,2,6,1,mainpdf,PlaceHolders/Leaflet_Nexus.pdf
223,2,2,1,1,Vox Ariane,
223,2,2,6,1,mainpdf,PlaceHolders/Leaflet_Nexus.pdf
224,2,2,1,1,Vox Apolonia,
224,2,2,6,1,mainpdf,PlaceHolders/Leaflet_Nexus.pdf
225,2,2,1,1,Vox Alexia,
225,2,2,6,1,mainpdf,PlaceHolders/Leaflet_Nexus.pdf
226,2,2,1,1,Volvox Olympia,
226,2,2,6,1,mainpdf,PlaceHolders/Leaflet_Nexus.pdf
227,2,2,1,1,HAM 317,
227,2,2,6,1,mainpdf,PlaceHolders/Leaflet_Nexus.pdf
228,2,2,1,1,Volvox Atalanta,
228,2,2,6,1,mainpdf,PlaceHolders/Leaflet_Nexus.pdf
229,2,2,1,1,HAM 311,
229,2,2,6,1,mainpdf,PlaceHolders/Leaflet_Nexus.pdf
230,2,2,1,1,Costa La Luz,
230,2,2,6,1,mainpdf,PlaceHolders/Leaflet_Nexus.pdf
231,2,2,1,1,Costa Atlantica,
231,2,2,6,1,mainpdf,PlaceHolders/Leaflet_Nexus.pdf
232,2,2,1,1,Athena,
232,2,2,6,1,mainpdf,PlaceHolders/Leaflet_Nexus.pdf
233,2,2,1,1,Artemis,
233,2,2,6,1,mainpdf,PlaceHolders/Leaflet_Nexus.pdf
234,2,2,1,1,HAM 218,
234,2,2,6,1,mainpdf,PlaceHolders/Leaflet_Nexus.pdf
235,2,2,1,1,Hector,
235,2,2,6,1,mainpdf,PlaceHolders/Leaflet_Nexus.pdf
236,2,2,1,1,Noordzee,
236,2,2,6,1,mainpdf,PlaceHolders/Leaflet_Nexus.pdf
237,2,2,1,1,Biesbosch,
237,2,2,6,1,mainpdf,PlaceHolders/Leaflet_Nexus.pdf
238,2,2,1,1,Mangystau,
238,2,2,6,1,mainpdf,PlaceHolders/Leaflet_Nexus.pdf
239,2,2,1,1,Ural River,
239,2,2,6,1,mainpdf,PlaceHolders/Leaflet_Nexus.pdf
301,3,1,1,1,Capital Dredging,main.html?contentId=301
301,1,1,4,1,E&E Services,main.html?contentId=401
301,1,1,4,2,Survey Services,main.html?contentId=402
301,1,1,4,3,Procurement Services,main.html?contentId=403
301,1,1,4,4,Legal Services,main.html?contentId=404
301,1,1,4,5,HR Services,main.html?contentId=405
301,1,1,4,6,SMD Services,main.html?contentId=406
301,3,1,11,1,expert1,https://expert1.com
301,3,1,11,2,expert2,https://expert2.com
301,3,1,11,3,expert3,https://expert3.com
301,3,1,11,4,expert4,https://expert4.com
301,3,1,11,5,expert5,https://expert5.com
301,3,1,6,1,mainpdf,PlaceHolders/Placeholderpdf.pdf
301,3,1,7,1,lessonlearned1,https://lessonlearned1.com
301,3,1,7,2,lessonlearned2,https://lessonlearned2.com
301,3,1,7,3,lessonlearned3,https://lessonlearned3.com
301,3,1,7,4,lessonlearned4,https://lessonlearned4.com
301,3,1,7,5,lessonlearned5,https://lessonlearned5.com
301,3,1,8,1,project1,https://project1.com
301,3,1,8,2,project2,https://project2.com
301,3,1,8,3,project3,https://project3.com
301,3,1,8,4,project4,https://project4.com
301,3,1,8,5,project5,https://project5.com
301,3,1,9,1,quickguide1,https://quickguide1.com
301,3,1,9,2,quickguide2,https://quickguide2.com
301,3,1,9,3,quickguide3,https://quickguide3.com
301,3,1,9,4,quickguide4,https://quickguide4.com
301,3,1,9,5,quickguide5,https://quickguide5.com
301,3,1,10,1,finalreport1,https://finalreport1.com
301,3,1,10,2,finalreport2,https://finalreport2.com
301,3,1,10,3,finalreport3,https://finalreport3.com
301,3,1,10,4,finalreport4,https://finalreport4.com
301,3,1,10,5,finalreport5,https://finalreport5.com
301,3,1,12,1,Nexus,main.html?contentId=200
301,3,1,12,2,Boreas,main.html?contentId=201
301,3,1,12,3,Stornes,main.html?contentId=202
301,3,1,12,4,Stingray,main.html?contentId=203
301,3,1,12,5,Nordnes,main.html?contentId=204
301,3,1,12,5,Aeolus,main.html?contentId=205
301,3,1,12,5,Calypso,main.html?contentId=206
301,3,1,12,5,MPI Adventure,main.html?contentId=207
301,3,1,12,5,Bravenes,main.html?contentId=208
302,3,1,1,1,Discharging Dumping,main.html?contentId=302
302,1,1,4,1,E&E Services,main.html?contentId=401
302,1,1,4,2,Survey Services,main.html?contentId=402
302,1,1,4,3,Procurement Services,main.html?contentId=403
302,1,1,4,4,Legal Services,main.html?contentId=404
302,1,1,4,5,HR Services,main.html?contentId=405
302,1,1,4,6,SMD Services,main.html?contentId=406
302,3,1,11,1,expert1,https://expert1.com
302,3,1,11,2,expert2,https://expert2.com
302,3,1,11,3,expert3,https://expert3.com
302,3,1,11,4,expert4,https://expert4.com
302,3,1,11,5,expert5,https://expert5.com
302,3,1,6,1,mainpdf,PlaceHolders/Placeholderpdf.pdf
302,3,1,7,1,lessonlearned1,https://lessonlearned1.com
302,3,1,7,2,lessonlearned2,https://lessonlearned2.com
302,3,1,7,3,lessonlearned3,https://lessonlearned3.com
302,3,1,7,4,lessonlearned4,https://lessonlearned4.com
302,3,1,7,5,lessonlearned5,https://lessonlearned5.com
302,3,1,8,1,project1,https://project1.com
302,3,1,8,2,project2,https://project2.com
302,3,1,8,3,project3,https://project3.com
302,3,1,8,4,project4,https://project4.com
302,3,1,8,5,project5,https://project5.com
302,3,1,9,1,quickguide1,https://quickguide1.com
302,3,1,9,2,quickguide2,https://quickguide2.com
302,3,1,9,3,quickguide3,https://quickguide3.com
302,3,1,9,4,quickguide4,https://quickguide4.com
302,3,1,9,5,quickguide5,https://quickguide5.com
302,3,1,10,1,finalreport1,https://finalreport1.com
302,3,1,10,2,finalreport2,https://finalreport2.com
302,3,1,10,3,finalreport3,https://finalreport3.com
302,3,1,10,4,finalreport4,https://finalreport4.com
302,3,1,10,5,finalreport5,https://finalreport5.com
302,3,1,12,1,Nexus,main.html?contentId=200
302,3,1,12,2,Boreas,main.html?contentId=201
302,3,1,12,3,Stornes,main.html?contentId=202
302,3,1,12,4,Stingray,main.html?contentId=203
302,3,1,12,5,Nordnes,main.html?contentId=204
302,3,1,12,5,Aeolus,main.html?contentId=205
302,3,1,12,5,Calypso,main.html?contentId=206
302,3,1,12,5,MPI Adventure,main.html?contentId=207
303,3,1,1,1,Discharging Rainbowing,main.html?contentId=303
303,1,1,4,1,E&E Services,main.html?contentId=401
303,1,1,4,2,Survey Services,main.html?contentId=402
303,1,1,4,3,Procurement Services,main.html?contentId=403
303,1,1,4,4,Legal Services,main.html?contentId=404
303,1,1,4,5,HR Services,main.html?contentId=405
303,1,1,4,6,SMD Services,main.html?contentId=406
303,3,1,11,1,expert1,https://expert1.com
303,3,1,11,2,expert2,https://expert2.com
303,3,1,11,3,expert3,https://expert3.com
303,3,1,11,4,expert4,https://expert4.com
303,3,1,11,5,expert5,https://expert5.com
303,3,1,6,1,mainpdf,PlaceHolders/Placeholderpdf.pdf
303,3,1,7,1,lessonlearned1,https://lessonlearned1.com
303,3,1,7,2,lessonlearned2,https://lessonlearned2.com
303,3,1,7,3,lessonlearned3,https://lessonlearned3.com
303,3,1,7,4,lessonlearned4,https://lessonlearned4.com
303,3,1,7,5,lessonlearned5,https://lessonlearned5.com
303,3,1,8,1,project1,https://project1.com
303,3,1,8,2,project2,https://project2.com
303,3,1,8,3,project3,https://project3.com
303,3,1,8,4,project4,https://project4.com
303,3,1,8,5,project5,https://project5.com
303,3,1,9,1,quickguide1,https://quickguide1.com
303,3,1,9,2,quickguide2,https://quickguide2.com
303,3,1,9,3,quickguide3,https://quickguide3.com
303,3,1,9,4,quickguide4,https://quickguide4.com
303,3,1,9,5,quickguide5,https://quickguide5.com
303,3,1,10,1,finalreport1,https://finalreport1.com
303,3,1,10,2,finalreport2,https://finalreport2.com
303,3,1,10,3,finalreport3,https://finalreport3.com
303,3,1,10,4,finalreport4,https://finalreport4.com
303,3,1,10,5,finalreport5,https://finalreport5.com
303,3,1,12,1,Nexus,main.html?contentId=200
303,3,1,12,2,Boreas,main.html?contentId=201
303,3,1,12,3,Stornes,main.html?contentId=202
303,3,1,12,4,Stingray,main.html?contentId=203
303,3,1,12,5,Nordnes,main.html?contentId=204
303,3,1,12,5,Aeolus,main.html?contentId=205
303,3,1,12,5,Calypso,main.html?contentId=206
303,3,1,12,5,MPI Adventure,main.html?contentId=207
304,3,1,1,1,Discharging Pumping,main.html?contentId=304
304,1,1,4,1,E&E Services,main.html?contentId=401
304,1,1,4,2,Survey Services,main.html?contentId=402
304,1,1,4,3,Procurement Services,main.html?contentId=403
304,1,1,4,4,Legal Services,main.html?contentId=404
304,1,1,4,5,HR Services,main.html?contentId=405
304,1,1,4,6,SMD Services,main.html?contentId=406
304,3,1,11,1,expert1,https://expert1.com
304,3,1,11,2,expert2,https://expert2.com
304,3,1,11,3,expert3,https://expert3.com
304,3,1,11,4,expert4,https://expert4.com
304,3,1,11,5,expert5,https://expert5.com
304,3,1,6,1,mainpdf,PlaceHolders/Placeholderpdf.pdf
304,3,1,7,1,lessonlearned1,https://lessonlearned1.com
304,3,1,7,2,lessonlearned2,https://lessonlearned2.com
304,3,1,7,3,lessonlearned3,https://lessonlearned3.com
304,3,1,7,4,lessonlearned4,https://lessonlearned4.com
304,3,1,7,5,lessonlearned5,https://lessonlearned5.com
304,3,1,8,1,project1,https://project1.com
304,3,1,8,2,project2,https://project2.com
304,3,1,8,3,project3,https://project3.com
304,3,1,8,4,project4,https://project4.com
304,3,1,8,5,project5,https://project5.com
304,3,1,9,1,quickguide1,https://quickguide1.com
304,3,1,9,2,quickguide2,https://quickguide2.com
304,3,1,9,3,quickguide3,https://quickguide3.com
304,3,1,9,4,quickguide4,https://quickguide4.com
304,3,1,9,5,quickguide5,https://quickguide5.com
304,3,1,10,1,finalreport1,https://finalreport1.com
304,3,1,10,2,finalreport2,https://finalreport2.com
304,3,1,10,3,finalreport3,https://finalreport3.com
304,3,1,10,4,finalreport4,https://finalreport4.com
304,3,1,10,5,finalreport5,https://finalreport5.com
304,3,1,12,1,Nexus,main.html?contentId=200
304,3,1,12,2,Boreas,main.html?contentId=201
304,3,1,12,3,Stornes,main.html?contentId=202
304,3,1,12,4,Stingray,main.html?contentId=203
304,3,1,12,5,Nordnes,main.html?contentId=204
304,3,1,12,5,Aeolus,main.html?contentId=205
304,3,1,12,5,Calypso,main.html?contentId=206
304,3,1,12,5,MPI Adventure,main.html?contentId=207
305,3,1,1,1,Floating Lines,main.html?contentId=305
305,1,1,4,1,E&E Services,main.html?contentId=401
305,1,1,4,2,Survey Services,main.html?contentId=402
305,1,1,4,3,Procurement Services,main.html?contentId=403
305,1,1,4,4,Legal Services,main.html?contentId=404
305,1,1,4,5,HR Services,main.html?contentId=405
305,1,1,4,6,SMD Services,main.html?contentId=406
305,3,1,11,1,expert1,https://expert1.com
305,3,1,11,2,expert2,https://expert2.com
305,3,1,11,3,expert3,https://expert3.com
305,3,1,11,4,expert4,https://expert4.com
305,3,1,11,5,expert5,https://expert5.com
305,3,1,6,1,mainpdf,PlaceHolders/Placeholderpdf.pdf
305,3,1,7,1,lessonlearned1,https://lessonlearned1.com
305,3,1,7,2,lessonlearned2,https://lessonlearned2.com
305,3,1,7,3,lessonlearned3,https://lessonlearned3.com
305,3,1,7,4,lessonlearned4,https://lessonlearned4.com
305,3,1,7,5,lessonlearned5,https://lessonlearned5.com
305,3,1,8,1,project1,https://project1.com
305,3,1,8,2,project2,https://project2.com
305,3,1,8,3,project3,https://project3.com
305,3,1,8,4,project4,https://project4.com
305,3,1,8,5,project5,https://project5.com
305,3,1,9,1,quickguide1,https://quickguide1.com
305,3,1,9,2,quickguide2,https://quickguide2.com
305,3,1,9,3,quickguide3,https://quickguide3.com
305,3,1,9,4,quickguide4,https://quickguide4.com
305,3,1,9,5,quickguide5,https://quickguide5.com
305,3,1,10,1,finalreport1,https://finalreport1.com
305,3,1,10,2,finalreport2,https://finalreport2.com
305,3,1,10,3,finalreport3,https://finalreport3.com
305,3,1,10,4,finalreport4,https://finalreport4.com
305,3,1,10,5,finalreport5,https://finalreport5.com
305,3,1,12,1,Nexus,main.html?contentId=200
305,3,1,12,2,Boreas,main.html?contentId=201
305,3,1,12,3,Stornes,main.html?contentId=202
305,3,1,12,4,Stingray,main.html?contentId=203
305,3,1,12,5,Nordnes,main.html?contentId=204
305,3,1,12,5,Aeolus,main.html?contentId=205
305,3,1,12,5,Calypso,main.html?contentId=206
305,3,1,12,5,MPI Adventure,main.html?contentId=207
401,4,2,1,1,E&E Services,
401,4,2,11,1,expert1,https://expert1.com
401,4,2,11,2,expert2,https://expert2.com
401,4,2,11,3,expert3,https://expert3.com
401,4,2,11,4,expert4,https://expert4.com
401,4,2,11,5,expert5,https://expert5.com
401,4,2,6,1,mainpdf,PlaceHolders/Placeholderpdf.pdf
402,4,2,1,1,Survey Services,
402,4,2,11,1,expert1,https://expert1.com
402,4,2,11,2,expert2,https://expert2.com
402,4,2,11,3,expert3,https://expert3.com
402,4,2,11,4,expert4,https://expert4.com
402,4,2,11,5,expert5,https://expert5.com
402,4,2,6,1,mainpdf,PlaceHolders/Placeholderpdf.pdf
403,4,2,1,1,Procurement Services,https://vanoord01.sharepoint.com/sites/organisation/SitePages/Category-managers.aspx
403,4,2,11,1,expert1,https://expert1.com
403,4,2,11,2,expert2,https://expert2.com
403,4,2,11,3,expert3,https://expert3.com
403,4,2,11,4,expert4,https://expert4.com
403,4,2,11,5,expert5,https://expert5.com
403,4,2,6,1,mainpdf,PlaceHolders/Placeholderpdf.pdf
404,4,2,1,1,Legal Services,
404,4,2,11,1,expert1,https://expert1.com
404,4,2,11,2,expert2,https://expert2.com
404,4,2,11,3,expert3,https://expert3.com
404,4,2,11,4,expert4,https://expert4.com
404,4,2,11,5,expert5,https://expert5.com
404,4,2,6,1,mainpdf,PlaceHolders/Placeholderpdf.pdf
405,4,2,1,1,HR (projects) Services,
405,4,2,11,1,expert1,https://expert1.com
405,4,2,11,2,expert2,https://expert2.com
405,4,2,11,3,expert3,https://expert3.com
405,4,2,11,4,expert4,https://expert4.com
405,4,2,11,5,expert5,https://expert5.com
405,4,2,6,1,mainpdf,PlaceHolders/Placeholderpdf.pdf
406,4,2,1,1,SMD Services,
406,4,2,11,1,expert1,https://expert1.com
406,4,2,11,2,expert2,https://expert2.com
406,4,2,11,3,expert3,https://expert3.com
406,4,2,11,4,expert4,https://expert4.com
406,4,2,11,5,expert5,https://expert5.com
406,4,2,6,1,mainpdf,PlaceHolders/Placeholderpdf.pdf
